Height/km,Air Density/ kg/km^3
0,1.225000E+09
0.5,1.167273E+09
1,1.111660E+09
1.5,1.058104E+09
2,1.006554E+09
2.5,9.569545E+08
3,9.092544E+08
3.5,8.634021E+08
4,8.193470E+08
4.5,7.770388E+08
5,7.364289E+08
5.5,6.974689E+08
6,6.601116E+08
6.5,6.243101E+08
7,5.900187E+08
7.5,5.571922E+08
8,5.257865E+08
8.5,4.957576E+08
9,4.670633E+08
9.5,4.396614E+08
10,4.135107E+08
10.5,3.885707E+08
11,3.648018E+08
11.5,3.374322E+08
12,3.119401E+08
12.5,2.883773E+08
13,2.665977E+08
13.5,2.464661E+08
14,2.278574E+08
14.5,2.106564E+08
15,1.947562E+08
15.5,1.800584E+08
16,1.664719E+08
16.5,1.539124E+08
17,1.423023E+08
17.5,1.315695E+08
18,1.216478E+08
18.5,1.124756E+08
19,1.039963E+08
19.5,9.615738E+07
20,8.891044E+07
20.5,8.205167E+07
21,7.571511E+07
21.5,6.988157E+07
22,6.451003E+07
22.5,5.956293E+07
23,5.500581E+07
23.5,5.080710E+07
24,4.693797E+07
24.5,4.337174E+07
25,4.008395E+07
25.5,3.705246E+07
26,3.425666E+07
26.5,3.167773E+07
27,2.929839E+07
27.5,2.710278E+07
28,2.507633E+07
28.5,2.320570E+07
29,2.147848E+07
29.5,1.988343E+07
30,1.841021E+07
30.5,1.704920E+07
31,1.579165E+07
31.5,1.462942E+07
32,1.355517E+07
32.5,1.252988E+07
33,1.157304E+07
33.5,1.069450E+07
34,9.887402E+06
34.5,9.145567E+06
35,8.463375E+06
35.5,7.835708E+06
36,7.257920E+06
36.5,6.725787E+06
37,6.235464E+06
37.5,5.783454E+06
38,5.366560E+06
38.5,4.981871E+06
39,4.626741E+06
39.5,4.298749E+06
40,3.995678E+06
40.5,3.715511E+06
41,3.456406E+06
41.5,3.216672E+06
42,2.994764E+06
42.5,2.789269E+06
43,2.598894E+06
43.5,2.422447E+06
44,2.258849E+06
44.5,2.107098E+06
45,1.966279E+06
45.5,1.835553E+06
46,1.714147E+06
46.5,1.601355E+06
47,1.496519E+06
47.5,1.401133E+06
48,1.316670E+06
48.5,1.237310E+06
49,1.162745E+06
49.5,1.092684E+06
50,1.026855E+06
50.5,9.650005E+05
51,9.068809E+05
51.5,8.530400E+05
52,8.056115E+05
52.5,7.606034E+05
53,7.179033E+05
53.5,6.774036E+05
54,6.390002E+05
54.5,6.025960E+05
55,5.680956E+05
55.5,5.354083E+05
56,5.044474E+05
56.5,4.751300E+05
57,4.473767E+05
57.5,4.211118E+05
58,3.962621E+05
58.5,3.727586E+05
59,3.505348E+05
59.5,3.295276E+05
60,3.096762E+05
60.5,2.909222E+05
61,2.732113E+05
61.5,2.564903E+05
62,2.407086E+05
62.5,2.258186E+05
63,2.117741E+05
63.5,1.985317E+05
64,1.860496E+05
64.5,1.742879E+05
65,1.632090E+05
65.5,1.527767E+05
66,1.429567E+05
66.5,1.337163E+05
67,1.250243E+05
67.5,1.168512E+05
68,1.091686E+05
68.5,1.019499E+05
69,9.516952E+04
69.5,8.880331E+04
70,8.282812E+04
70.5,7.722222E+04
71,7.196477E+04
71.5,6.703600E+04
72,6.237318E+04
72.5,5.795053E+04
73,5.382391E+04
73.5,4.997462E+04
74,4.638526E+04
74.5,4.303927E+04
75,3.992108E+04
75.5,3.701620E+04
76,3.431083E+04
76.5,3.179211E+04
77,2.944799E+04
77.5,2.726700E+04
78,2.523851E+04
78.5,2.335249E+04
79,2.159953E+04
79.5,1.997080E+04
80,1.845803E+04
80.5,1.705344E+04
81,1.574977E+04
81.5,1.454019E+04
82,1.341831E+04
82.5,1.237817E+04
83,1.141414E+04
83.5,1.052102E+04
84,9.693870E+03
84.5,8.928125E+03
85,8.219505E+03
85.5,7.563983E+03
86,6.957827E+03
86.5,6.364162E+03
87,5.821986E+03
87.5,5.325954E+03
88,4.872104E+03
88.5,4.456816E+03
89,4.076788E+03
89.5,3.729008E+03
90,3.410724E+03
90.5,3.119424E+03
91,2.852812E+03
91.5,2.608486E+03
92,2.384334E+03
92.5,2.178755E+03
93,1.990333E+03
93.5,1.817732E+03
94,1.659668E+03
94.5,1.514987E+03
95,1.382621E+03
95.5,1.261564E+03
96,1.150896E+03
96.5,1.049759E+03
97,9.573700E+02
97.5,8.842801E+02
98,8.072111E+02
98.5,7.368419E+02
99,6.726038E+02
99.5,6.139760E+02
100,5.604840E+02
100.5,5.130032E+02
101,4.695531E+02
101.5,4.298874E+02
102,3.935052E+02
102.5,3.604466E+02
103,3.300318E+02
103.5,3.023195E+02
104,2.768743E+02
104.5,2.538009E+02
105,2.325369E+02
105.5,2.131543E+02
106,1.953367E+02
106.5,1.790994E+02
107,1.642653E+02
107.5,1.506068E+02
108,1.381616E+02
108.5,1.266681E+02
109,1.160874E+02
109.5,1.062612E+02
110,9.709110E+01
110.5,8.864679E+01
111,8.112755E+01
111.5,7.440971E+01
112,6.842669E+01
112.5,6.297761E+01
113,5.812888E+01
113.5,5.373119E+01
114,4.973832E+01
114.5,4.615796E+01
115,4.288968E+01
115.5,3.993754E+01
116,3.720876E+01
116.5,3.472706E+01
117,3.245923E+01
117.5,3.040266E+01
118,2.845924E+01
118.5,2.669696E+01
119,2.510179E+01
119.5,2.360635E+01
120,2.222327E+01
120.5,2.094832E+01
121,1.976976E+01
121.5,1.867855E+01
122,1.766665E+01
122.5,1.672691E+01
123,1.585295E+01
123.5,1.503905E+01
124,1.428008E+01
124.5,1.357144E+01
125,1.290898E+01
125.5,1.228896E+01
126,1.170802E+01
126.5,1.116309E+01
127,1.065139E+01
127.5,1.017042E+01
128,9.717882E+00
128.5,9.291690E+00
129,8.889942E+00
129.5,8.510899E+00
130,8.152968E+00
130.5,7.814695E+00
131,7.494737E+00
131.5,7.191868E+00
132,6.904954E+00
132.5,6.632957E+00
133,6.374914E+00
133.5,6.129941E+00
134,5.897212E+00
134.5,5.675977E+00
135,5.465530E+00
135.5,5.265218E+00
136,5.074441E+00
136.5,4.892633E+00
137,4.719275E+00
137.5,4.553881E+00
138,4.395997E+00
138.5,4.245203E+00
139,4.101105E+00
139.5,3.963335E+00
140,3.831548E+00
140.5,3.705426E+00
141,3.584665E+00
141.5,3.468985E+00
142,3.358121E+00
142.5,3.251826E+00
143,3.149867E+00
143.5,3.052025E+00
144,2.958097E+00
144.5,2.867887E+00
145,2.781215E+00
145.5,2.697910E+00
146,2.617809E+00
146.5,2.540761E+00
147,2.466622E+00
147.5,2.395257E+00
148,2.326538E+00
148.5,2.260344E+00
149,2.196561E+00
149.5,2.135079E+00
150,2.075799E+00
150.5,2.018621E+00
151,1.963454E+00
151.5,1.910211E+00
152,1.858810E+00
152.5,1.809172E+00
153,1.761222E+00
153.5,1.714891E+00
154,1.670110E+00
154.5,1.626817E+00
155,1.584949E+00
155.5,1.544451E+00
156,1.505266E+00
156.5,1.467342E+00
157,1.430630E+00
157.5,1.395082E+00
158,1.360652E+00
158.5,1.327297E+00
159,1.294977E+00
159.5,1.263652E+00
160,1.233285E+00
160.5,1.203838E+00
161,1.175279E+00
161.5,1.147574E+00
162,1.120693E+00
162.5,1.094605E+00
163,1.069281E+00
163.5,1.044695E+00
164,1.020819E+00
164.5,9.976292E-01
165,9.751008E-01
165.5,9.532113E-01
166,9.319380E-01
166.5,9.112600E-01
167,8.911568E-01
167.5,8.716094E-01
168,8.525982E-01
168.5,8.341060E-01
169,8.161150E-01
169.5,7.986087E-01
170,7.815717E-01
170.5,7.649881E-01
171,7.488435E-01
171.5,7.331236E-01
172,7.178146E-01
172.5,7.029038E-01
173,6.883785E-01
173.5,6.742265E-01
174,6.604361E-01
174.5,6.469961E-01
175,6.338957E-01
175.5,6.211244E-01
176,6.086724E-01
176.5,5.965297E-01
177,5.846872E-01
177.5,5.731359E-01
178,5.618668E-01
178.5,5.508716E-01
179,5.401425E-01
179.5,5.296719E-01
180,5.194516E-01
180.5,5.094746E-01
181,4.997341E-01
181.5,4.902231E-01
182,4.809352E-01
182.5,4.718640E-01
183,4.630034E-01
183.5,4.543474E-01
184,4.458904E-01
184.5,4.376268E-01
185,4.295514E-01
185.5,4.216588E-01
186,4.139440E-01
186.5,4.064026E-01
187,3.990294E-01
187.5,3.918201E-01
188,3.847703E-01
188.5,3.778757E-01
189,3.711322E-01
189.5,3.645358E-01
190,3.580827E-01
190.5,3.517690E-01
191,3.455913E-01
191.5,3.395459E-01
192,3.336295E-01
192.5,3.278387E-01
193,3.221703E-01
193.5,3.166213E-01
194,3.111886E-01
194.5,3.058693E-01
195,3.006604E-01
195.5,2.955595E-01
196,2.905636E-01
196.5,2.856703E-01
197,2.808768E-01
197.5,2.761811E-01
198,2.715804E-01
198.5,2.670726E-01
199,2.626555E-01
199.5,2.583267E-01
200,2.540843E-01
200.5,2.499262E-01
201,2.458503E-01
201.5,2.418547E-01
202,2.379375E-01
202.5,2.340969E-01
203,2.303312E-01
203.5,2.266385E-01
204,2.230171E-01
204.5,2.194655E-01
205,2.159820E-01
205.5,2.125651E-01
206,2.092132E-01
206.5,2.059249E-01
207,2.026987E-01
207.5,1.995333E-01
208,1.964272E-01
208.5,1.933793E-01
209,1.903879E-01
209.5,1.874523E-01
210,1.845708E-01
210.5,1.817424E-01
211,1.789660E-01
211.5,1.762403E-01
212,1.735644E-01
212.5,1.709370E-01
213,1.683572E-01
213.5,1.658240E-01
214,1.633364E-01
214.5,1.608933E-01
215,1.584938E-01
215.5,1.561370E-01
216,1.538221E-01
216.5,1.515481E-01
217,1.493141E-01
217.5,1.471195E-01
218,1.449631E-01
218.5,1.428445E-01
219,1.407627E-01
219.5,1.387170E-01
220,1.367066E-01
220.5,1.347309E-01
221,1.327890E-01
221.5,1.308805E-01
222,1.290045E-01
222.5,1.271604E-01
223,1.253476E-01
223.5,1.235654E-01
224,1.218133E-01
224.5,1.200906E-01
225,1.183968E-01
225.5,1.167312E-01
226,1.150934E-01
226.5,1.134828E-01
227,1.118988E-01
227.5,1.103410E-01
228,1.088087E-01
228.5,1.073017E-01
229,1.058192E-01
229.5,1.043610E-01
230,1.029264E-01
230.5,1.015151E-01
231,1.001266E-01
231.5,9.876056E-02
232,9.741642E-02
232.5,9.609384E-02
233,9.479238E-02
233.5,9.351169E-02
234,9.225132E-02
234.5,9.101093E-02
235,8.979019E-02
235.5,8.858865E-02
236,8.740601E-02
236.5,8.624192E-02
237,8.509599E-02
237.5,8.396796E-02
238,8.285748E-02
238.5,8.176420E-02
239,8.068782E-02
239.5,7.962807E-02
240,7.858459E-02
240.5,7.755713E-02
241,7.654542E-02
241.5,7.554912E-02
242,7.456800E-02
242.5,7.360178E-02
243,7.265019E-02
243.5,7.171298E-02
244,7.078988E-02
244.5,6.988067E-02
245,6.898507E-02
245.5,6.810288E-02
246,6.723383E-02
246.5,6.637773E-02
247,6.553431E-02
247.5,6.470339E-02
248,6.388474E-02
248.5,6.307817E-02
249,6.228343E-02
249.5,6.150033E-02
250,6.072870E-02
250.5,5.996833E-02
251,5.921902E-02
251.5,5.848057E-02
252,5.775286E-02
252.5,5.703563E-02
253,5.632874E-02
253.5,5.563204E-02
254,5.494530E-02
254.5,5.426843E-02
255,5.360120E-02
255.5,5.294349E-02
256,5.229511E-02
256.5,5.165591E-02
257,5.102579E-02
257.5,5.040454E-02
258,4.979206E-02
258.5,4.918818E-02
259,4.859276E-02
259.5,4.800569E-02
260,4.742680E-02
260.5,4.685597E-02
261,4.629307E-02
261.5,4.573799E-02
262,4.519057E-02
262.5,4.465072E-02
263,4.411830E-02
263.5,4.359320E-02
264,4.307528E-02
264.5,4.256448E-02
265,4.206064E-02
265.5,4.156366E-02
266,4.107345E-02
266.5,4.058988E-02
267,4.011287E-02
267.5,3.964229E-02
268,3.917805E-02
268.5,3.872007E-02
269,3.826824E-02
269.5,3.782244E-02
270,3.738263E-02
270.5,3.694868E-02
271,3.652050E-02
271.5,3.609801E-02
272,3.568111E-02
272.5,3.526975E-02
273,3.486381E-02
273.5,3.446322E-02
274,3.406789E-02
274.5,3.367777E-02
275,3.329274E-02
275.5,3.291276E-02
276,3.253773E-02
276.5,3.216759E-02
277,3.180226E-02
277.5,3.144165E-02
278,3.108573E-02
278.5,3.073440E-02
279,3.038761E-02
279.5,3.004526E-02
280,2.970733E-02
280.5,2.937373E-02
281,2.904440E-02
281.5,2.871927E-02
282,2.839828E-02
282.5,2.808138E-02
283,2.776850E-02
283.5,2.745960E-02
284,2.715459E-02
284.5,2.685344E-02
285,2.655609E-02
285.5,2.626248E-02
286,2.597255E-02
286.5,2.568627E-02
287,2.540355E-02
287.5,2.512438E-02
288,2.484868E-02
288.5,2.457641E-02
289,2.430753E-02
289.5,2.404198E-02
290,2.377971E-02
290.5,2.352069E-02
291,2.326486E-02
291.5,2.301218E-02
292,2.276261E-02
292.5,2.251609E-02
293,2.227260E-02
293.5,2.203208E-02
294,2.179450E-02
294.5,2.155981E-02
295,2.132798E-02
295.5,2.109896E-02
296,2.087272E-02
296.5,2.064921E-02
297,2.042841E-02
297.5,2.021026E-02
298,1.999475E-02
298.5,1.978181E-02
299,1.957144E-02
299.5,1.936359E-02
300,1.915821E-02
300.5,1.895530E-02
301,1.875480E-02
301.5,1.855668E-02
302,1.836092E-02
302.5,1.816748E-02
303,1.797633E-02
303.5,1.778744E-02
304,1.760078E-02
304.5,1.741632E-02
305,1.723402E-02
305.5,1.705386E-02
306,1.687583E-02
306.5,1.669987E-02
307,1.652597E-02
307.5,1.635409E-02
308,1.618423E-02
308.5,1.601634E-02
309,1.585040E-02
309.5,1.568637E-02
310,1.552425E-02
310.5,1.536401E-02
311,1.520562E-02
311.5,1.504904E-02
312,1.489427E-02
312.5,1.474128E-02
313,1.459004E-02
313.5,1.444054E-02
314,1.429275E-02
314.5,1.414664E-02
315,1.400219E-02
315.5,1.385940E-02
316,1.371823E-02
316.5,1.357865E-02
317,1.344067E-02
317.5,1.330424E-02
318,1.316935E-02
318.5,1.303599E-02
319,1.290413E-02
319.5,1.277375E-02
320,1.264484E-02
320.5,1.251737E-02
321,1.239133E-02
321.5,1.226671E-02
322,1.214347E-02
322.5,1.202161E-02
323,1.190110E-02
323.5,1.178194E-02
324,1.166410E-02
324.5,1.154756E-02
325,1.143232E-02
325.5,1.131835E-02
326,1.120564E-02
326.5,1.109418E-02
327,1.098394E-02
327.5,1.087492E-02
328,1.076709E-02
328.5,1.066044E-02
329,1.055497E-02
329.5,1.045064E-02
330,1.034746E-02
330.5,1.024540E-02
331,1.014446E-02
331.5,1.004461E-02
332,9.945849E-03
332.5,9.848157E-03
333,9.751526E-03
333.5,9.655941E-03
334,9.561392E-03
334.5,9.467859E-03
335,9.375336E-03
335.5,9.283810E-03
336,9.193270E-03
336.5,9.103702E-03
337,9.015090E-03
337.5,8.927430E-03
338,8.840709E-03
338.5,8.754913E-03
339,8.670033E-03
339.5,8.586058E-03
340,8.502977E-03
340.5,8.420778E-03
341,8.339452E-03
341.5,8.258991E-03
342,8.179380E-03
342.5,8.100610E-03
343,8.022677E-03
343.5,7.945563E-03
344,7.869263E-03
344.5,7.793768E-03
345,7.719065E-03
345.5,7.645141E-03
346,7.571999E-03
346.5,7.499625E-03
347,7.428004E-03
347.5,7.357133E-03
348,7.287003E-03
348.5,7.217603E-03
349,7.148927E-03
349.5,7.080963E-03
350,7.013707E-03
350.5,6.947150E-03
351,6.881281E-03
351.5,6.816094E-03
352,6.751584E-03
352.5,6.687739E-03
353,6.624552E-03
353.5,6.562017E-03
354,6.500124E-03
354.5,6.438872E-03
355,6.378245E-03
355.5,6.318243E-03
356,6.258854E-03
356.5,6.200073E-03
357,6.141895E-03
357.5,6.084310E-03
358,6.027312E-03
358.5,5.970896E-03
359,5.915056E-03
359.5,5.859783E-03
360,5.805073E-03
360.5,5.750915E-03
361,5.697307E-03
361.5,5.644245E-03
362,5.591716E-03
362.5,5.539721E-03
363,5.488248E-03
363.5,5.437297E-03
364,5.386858E-03
364.5,5.336925E-03
365,5.287497E-03
365.5,5.238564E-03
366,5.190123E-03
366.5,5.142168E-03
367,5.094691E-03
367.5,5.047688E-03
368,5.001157E-03
368.5,4.955091E-03
369,4.909482E-03
369.5,4.864330E-03
370,4.819625E-03
370.5,4.775366E-03
371,4.731547E-03
371.5,4.688162E-03
372,4.645207E-03
372.5,4.602678E-03
373,4.560568E-03
373.5,4.518876E-03
374,4.477596E-03
374.5,4.436723E-03
375,4.396252E-03
375.5,4.356179E-03
376,4.316502E-03
376.5,4.277214E-03
377,4.238312E-03
377.5,4.199791E-03
378,4.161648E-03
378.5,4.123878E-03
379,4.086479E-03
379.5,4.049443E-03
380,4.012770E-03
380.5,3.976455E-03
381,3.940494E-03
381.5,3.904882E-03
382,3.869617E-03
382.5,3.834696E-03
383,3.800112E-03
383.5,3.765865E-03
384,3.731949E-03
384.5,3.698362E-03
385,3.665100E-03
385.5,3.632158E-03
386,3.599537E-03
386.5,3.567228E-03
387,3.535233E-03
387.5,3.503543E-03
388,3.472162E-03
388.5,3.441081E-03
389,3.410297E-03
389.5,3.379811E-03
390,3.349616E-03
390.5,3.319710E-03
391,3.290093E-03
391.5,3.260756E-03
392,3.231702E-03
392.5,3.202925E-03
393,3.174421E-03
393.5,3.146191E-03
394,3.118227E-03
394.5,3.090533E-03
395,3.063100E-03
395.5,3.035929E-03
396,3.009014E-03
396.5,2.982355E-03
397,2.955951E-03
397.5,2.929795E-03
398,2.903887E-03
398.5,2.878225E-03
399,2.852804E-03
399.5,2.827623E-03
400,2.802681E-03
400.5,2.777974E-03
401,2.753499E-03
401.5,2.729254E-03
402,2.705239E-03
402.5,2.681449E-03
403,2.657881E-03
403.5,2.634535E-03
404,2.611409E-03
404.5,2.588498E-03
405,2.565802E-03
405.5,2.543319E-03
406,2.521046E-03
406.5,2.498980E-03
407,2.477122E-03
407.5,2.455466E-03
408,2.434012E-03
408.5,2.412759E-03
409,2.391704E-03
409.5,2.370844E-03
410,2.350178E-03
410.5,2.329704E-03
411,2.309419E-03
411.5,2.289323E-03
412,2.269414E-03
412.5,2.249688E-03
413,2.230146E-03
413.5,2.210784E-03
414,2.191601E-03
414.5,2.172595E-03
415,2.153765E-03
415.5,2.135107E-03
416,2.116623E-03
416.5,2.098308E-03
417,2.080162E-03
417.5,2.062182E-03
418,2.044368E-03
418.5,2.026716E-03
419,2.009229E-03
419.5,1.991901E-03
420,1.974731E-03
420.5,1.957719E-03
421,1.940862E-03
421.5,1.924160E-03
422,1.907611E-03
422.5,1.891212E-03
423,1.874964E-03
423.5,1.858863E-03
424,1.842909E-03
424.5,1.827101E-03
425,1.811436E-03
425.5,1.795914E-03
426,1.780534E-03
426.5,1.765293E-03
427,1.750189E-03
427.5,1.735225E-03
428,1.720394E-03
428.5,1.705699E-03
429,1.691136E-03
429.5,1.676706E-03
430,1.662406E-03
430.5,1.648236E-03
431,1.634193E-03
431.5,1.620278E-03
432,1.606487E-03
432.5,1.592821E-03
433,1.579279E-03
433.5,1.565858E-03
434,1.552558E-03
434.5,1.539378E-03
435,1.526316E-03
435.5,1.513372E-03
436,1.500544E-03
436.5,1.487831E-03
437,1.475232E-03
437.5,1.462746E-03
438,1.450372E-03
438.5,1.438109E-03
439,1.425955E-03
439.5,1.413911E-03
440,1.401973E-03
440.5,1.390143E-03
441,1.378418E-03
441.5,1.366797E-03
442,1.355281E-03
442.5,1.343867E-03
443,1.332555E-03
443.5,1.321343E-03
444,1.310232E-03
444.5,1.299219E-03
445,1.288303E-03
445.5,1.277485E-03
446,1.266764E-03
446.5,1.256136E-03
447,1.245604E-03
447.5,1.235165E-03
448,1.224818E-03
448.5,1.214563E-03
449,1.204397E-03
449.5,1.194323E-03
450,1.184338E-03
450.5,1.174440E-03
451,1.164630E-03
451.5,1.154907E-03
452,1.145270E-03
452.5,1.135717E-03
453,1.126249E-03
453.5,1.116863E-03
454,1.107561E-03
454.5,1.098341E-03
455,1.089201E-03
455.5,1.080142E-03
456,1.071162E-03
456.5,1.062262E-03
457,1.053439E-03
457.5,1.044694E-03
458,1.036025E-03
458.5,1.027433E-03
459,1.018915E-03
459.5,1.010472E-03
460,1.002103E-03
460.5,9.938076E-04
461,9.855837E-04
461.5,9.774321E-04
462,9.693522E-04
462.5,9.613420E-04
463,9.534026E-04
463.5,9.455315E-04
464,9.377293E-04
464.5,9.299950E-04
465,9.223283E-04
465.5,9.147285E-04
466,9.071941E-04
466.5,8.997258E-04
467,8.923219E-04
467.5,8.849827E-04
468,8.777069E-04
468.5,8.704943E-04
469,8.633446E-04
469.5,8.562569E-04
470,8.492298E-04
470.5,8.422641E-04
471,8.353587E-04
471.5,8.285130E-04
472,8.217262E-04
472.5,8.149987E-04
473,8.083290E-04
473.5,8.017168E-04
474,7.951617E-04
474.5,7.886632E-04
475,7.822204E-04
475.5,7.758339E-04
476,7.695020E-04
476.5,7.632247E-04
477,7.570014E-04
477.5,7.508315E-04
478,7.447146E-04
478.5,7.386507E-04
479,7.326385E-04
479.5,7.266782E-04
480,7.207689E-04
480.5,7.149104E-04
481,7.091020E-04
481.5,7.033439E-04
482,6.976346E-04
482.5,6.919745E-04
483,6.863629E-04
483.5,6.807991E-04
484,6.752831E-04
484.5,6.698140E-04
485,6.643922E-04
485.5,6.590158E-04
486,6.536861E-04
486.5,6.484016E-04
487,6.431625E-04
487.5,6.379678E-04
488,6.328172E-04
488.5,6.277112E-04
489,6.226478E-04
489.5,6.176280E-04
490,6.126510E-04
490.5,6.077161E-04
491,6.028235E-04
491.5,5.979721E-04
492,5.931624E-04
492.5,5.883929E-04
493,5.836645E-04
493.5,5.789760E-04
494,5.743273E-04
494.5,5.697179E-04
495,5.651477E-04
495.5,5.606164E-04
496,5.561231E-04
496.5,5.516682E-04
497,5.472508E-04
497.5,5.428709E-04
498,5.385278E-04
498.5,5.342214E-04
499,5.299515E-04
499.5,5.257178E-04
500,5.215196E-04
500.5,5.173572E-04
501,5.132297E-04
501.5,5.091370E-04
502,5.050786E-04
502.5,5.010548E-04
503,4.970647E-04
503.5,4.931080E-04
504,4.891848E-04
504.5,4.852947E-04
505,4.814373E-04
505.5,4.776123E-04
506,4.738191E-04
506.5,4.700582E-04
507,4.663287E-04
507.5,4.626305E-04
508,4.589634E-04
508.5,4.553268E-04
509,4.517208E-04
509.5,4.481452E-04
510,4.445996E-04
510.5,4.410835E-04
511,4.375968E-04
511.5,4.341395E-04
512,4.307109E-04
512.5,4.273112E-04
513,4.239397E-04
513.5,4.205965E-04
514,4.172811E-04
514.5,4.139934E-04
515,4.107333E-04
515.5,4.075002E-04
516,4.042942E-04
516.5,4.011150E-04
517,3.979620E-04
517.5,3.948354E-04
518,3.917348E-04
518.5,3.886603E-04
519,3.856111E-04
519.5,3.825873E-04
520,3.795889E-04
520.5,3.766152E-04
521,3.736661E-04
521.5,3.707416E-04
522,3.678414E-04
522.5,3.649652E-04
523,3.621130E-04
523.5,3.592844E-04
524,3.564792E-04
524.5,3.536974E-04
525,3.509384E-04
525.5,3.482025E-04
526,3.454891E-04
526.5,3.427982E-04
527,3.401296E-04
527.5,3.374830E-04
528,3.348582E-04
528.5,3.322553E-04
529,3.296738E-04
529.5,3.271137E-04
530,3.245746E-04
530.5,3.220565E-04
531,3.195592E-04
531.5,3.170825E-04
532,3.146261E-04
532.5,3.121902E-04
533,3.097742E-04
533.5,3.073781E-04
534,3.050017E-04
534.5,3.026448E-04
535,3.003075E-04
535.5,2.979893E-04
536,2.956901E-04
536.5,2.934099E-04
537,2.911483E-04
537.5,2.889054E-04
538,2.866809E-04
538.5,2.844747E-04
539,2.822866E-04
539.5,2.801163E-04
540,2.779639E-04
540.5,2.758291E-04
541,2.737118E-04
541.5,2.716118E-04
542,2.695291E-04
542.5,2.674633E-04
543,2.654145E-04
543.5,2.633823E-04
544,2.613669E-04
544.5,2.593678E-04
545,2.573852E-04
545.5,2.554188E-04
546,2.534684E-04
546.5,2.515339E-04
547,2.496151E-04
547.5,2.477122E-04
548,2.458246E-04
548.5,2.439525E-04
549,2.420955E-04
549.5,2.402537E-04
550,2.384269E-04
550.5,2.366150E-04
551,2.348179E-04
551.5,2.330352E-04
552,2.312672E-04
552.5,2.295135E-04
553,2.277741E-04
553.5,2.260487E-04
554,2.243374E-04
554.5,2.226401E-04
555,2.209564E-04
555.5,2.192863E-04
556,2.176299E-04
556.5,2.159870E-04
557,2.143572E-04
557.5,2.127407E-04
558,2.111373E-04
558.5,2.095469E-04
559,2.079693E-04
559.5,2.064045E-04
560,2.048523E-04
560.5,2.033127E-04
561,2.017856E-04
561.5,2.002707E-04
562,1.987681E-04
562.5,1.972777E-04
563,1.957992E-04
563.5,1.943327E-04
564,1.928781E-04
564.5,1.914352E-04
565,1.900039E-04
565.5,1.885841E-04
566,1.871757E-04
566.5,1.857787E-04
567,1.843929E-04
567.5,1.830183E-04
568,1.816548E-04
568.5,1.803021E-04
569,1.789603E-04
569.5,1.776294E-04
570,1.763092E-04
570.5,1.749995E-04
571,1.737004E-04
571.5,1.724117E-04
572,1.711333E-04
572.5,1.698652E-04
573,1.686073E-04
573.5,1.673594E-04
574,1.661215E-04
574.5,1.648935E-04
575,1.636753E-04
575.5,1.624670E-04
576,1.612682E-04
576.5,1.600790E-04
577,1.588994E-04
577.5,1.577291E-04
578,1.565683E-04
578.5,1.554168E-04
579,1.542744E-04
579.5,1.531410E-04
580,1.520168E-04
580.5,1.509015E-04
581,1.497951E-04
581.5,1.486976E-04
582,1.476087E-04
582.5,1.465286E-04
583,1.454571E-04
583.5,1.443940E-04
584,1.433395E-04
584.5,1.422933E-04
585,1.412554E-04
585.5,1.402259E-04
586,1.392044E-04
586.5,1.381911E-04
587,1.371859E-04
587.5,1.361885E-04
588,1.351991E-04
588.5,1.342176E-04
589,1.332439E-04
589.5,1.322779E-04
590,1.313195E-04
590.5,1.303687E-04
591,1.294254E-04
591.5,1.284896E-04
592,1.275612E-04
592.5,1.266402E-04
593,1.257264E-04
593.5,1.248199E-04
594,1.239205E-04
594.5,1.230282E-04
595,1.221430E-04
595.5,1.212648E-04
596,1.203934E-04
596.5,1.195290E-04
597,1.186713E-04
597.5,1.178205E-04
598,1.169764E-04
598.5,1.161388E-04
599,1.153079E-04
599.5,1.144836E-04
600,1.136657E-04
600.5,1.128542E-04
601,1.120491E-04
601.5,1.112504E-04
602,1.104579E-04
602.5,1.096716E-04
603,1.088916E-04
603.5,1.081176E-04
604,1.073498E-04
604.5,1.065879E-04
605,1.058320E-04
605.5,1.050820E-04
606,1.043379E-04
606.5,1.035997E-04
607,1.028672E-04
607.5,1.021405E-04
608,1.014194E-04
608.5,1.007040E-04
609,9.999416E-05
609.5,9.928983E-05
610,9.859109E-05
610.5,9.789778E-05
611,9.720982E-05
611.5,9.652731E-05
612,9.585010E-05
612.5,9.517816E-05
613,9.451142E-05
613.5,9.384992E-05
614,9.319358E-05
614.5,9.254235E-05
615,9.189618E-05
615.5,9.125504E-05
616,9.061886E-05
616.5,8.998765E-05
617,8.936134E-05
617.5,8.873989E-05
618,8.812327E-05
618.5,8.751143E-05
619,8.690438E-05
619.5,8.630201E-05
620,8.570430E-05
620.5,8.511123E-05
621,8.452274E-05
621.5,8.393886E-05
622,8.335945E-05
622.5,8.278451E-05
623,8.221410E-05
623.5,8.164803E-05
624,8.108634E-05
624.5,8.052901E-05
625,7.997598E-05
625.5,7.942724E-05
626,7.888271E-05
626.5,7.834240E-05
627,7.780624E-05
627.5,7.727423E-05
628,7.674628E-05
628.5,7.622246E-05
629,7.570261E-05
629.5,7.518681E-05
630,7.467496E-05
630.5,7.416705E-05
631,7.366307E-05
631.5,7.316292E-05
632,7.266663E-05
632.5,7.217417E-05
633,7.168545E-05
633.5,7.120052E-05
634,7.071929E-05
634.5,7.024177E-05
635,6.976787E-05
635.5,6.929764E-05
636,6.883100E-05
636.5,6.836791E-05
637,6.790838E-05
637.5,6.745237E-05
638,6.699985E-05
638.5,6.655080E-05
639,6.610513E-05
639.5,6.566291E-05
640,6.522405E-05
640.5,6.478855E-05
641,6.435636E-05
641.5,6.392746E-05
642,6.350182E-05
642.5,6.307944E-05
643,6.266028E-05
643.5,6.224432E-05
644,6.183150E-05
644.5,6.142184E-05
645,6.101528E-05
645.5,6.061178E-05
646,6.021139E-05
646.5,5.981402E-05
647,5.941969E-05
647.5,5.902834E-05
648,5.863996E-05
648.5,5.825451E-05
649,5.787198E-05
649.5,5.749232E-05
650,5.711558E-05
650.5,5.674169E-05
651,5.637061E-05
651.5,5.600234E-05
652,5.563685E-05
652.5,5.527412E-05
653,5.491412E-05
653.5,5.455685E-05
654,5.420229E-05
654.5,5.385038E-05
655,5.350113E-05
655.5,5.315451E-05
656,5.281048E-05
656.5,5.246906E-05
657,5.213021E-05
657.5,5.179391E-05
658,5.146013E-05
658.5,5.112885E-05
659,5.080007E-05
659.5,5.047376E-05
660,5.014990E-05
660.5,4.982844E-05
661,4.950943E-05
661.5,4.919280E-05
662,4.887853E-05
662.5,4.856660E-05
663,4.825703E-05
663.5,4.794978E-05
664,4.764478E-05
664.5,4.734211E-05
665,4.704166E-05
665.5,4.674350E-05
666,4.644753E-05
666.5,4.615377E-05
667,4.586221E-05
667.5,4.557280E-05
668,4.528558E-05
668.5,4.500047E-05
669,4.471750E-05
669.5,4.443661E-05
670,4.415784E-05
670.5,4.388111E-05
671,4.360646E-05
671.5,4.333383E-05
672,4.306322E-05
672.5,4.279464E-05
673,4.252803E-05
673.5,4.226340E-05
674,4.200074E-05
674.5,4.174001E-05
675,4.148121E-05
675.5,4.122431E-05
676,4.096935E-05
676.5,4.071622E-05
677,4.046500E-05
677.5,4.021564E-05
678,3.996807E-05
678.5,3.972237E-05
679,3.947844E-05
679.5,3.923635E-05
680,3.899599E-05
680.5,3.875746E-05
681,3.852063E-05
681.5,3.828558E-05
682,3.805222E-05
682.5,3.782057E-05
683,3.759066E-05
683.5,3.736240E-05
684,3.713585E-05
684.5,3.691093E-05
685,3.668765E-05
685.5,3.646603E-05
686,3.624600E-05
686.5,3.602759E-05
687,3.581081E-05
687.5,3.559558E-05
688,3.538191E-05
688.5,3.516981E-05
689,3.495927E-05
689.5,3.475026E-05
690,3.454276E-05
690.5,3.433676E-05
691,3.413227E-05
691.5,3.392927E-05
692,3.372774E-05
692.5,3.352770E-05
693,3.332908E-05
693.5,3.313191E-05
694,3.293617E-05
694.5,3.274185E-05
695,3.254894E-05
695.5,3.235742E-05
696,3.216728E-05
696.5,3.197852E-05
697,3.179110E-05
697.5,3.160506E-05
698,3.142037E-05
698.5,3.123700E-05
699,3.105496E-05
699.5,3.087422E-05
700,3.069476E-05
700.5,3.051663E-05
701,3.033977E-05
701.5,3.016419E-05
702,2.998984E-05
702.5,2.981676E-05
703,2.964494E-05
703.5,2.947431E-05
704,2.930494E-05
704.5,2.913676E-05
705,2.896980E-05
705.5,2.880404E-05
706,2.863944E-05
706.5,2.847604E-05
707,2.831378E-05
707.5,2.815268E-05
708,2.799276E-05
708.5,2.783395E-05
709,2.767630E-05
709.5,2.751974E-05
710,2.736430E-05
710.5,2.720997E-05
711,2.705675E-05
711.5,2.690460E-05
712,2.675353E-05
712.5,2.660353E-05
713,2.645460E-05
713.5,2.630675E-05
714,2.615991E-05
714.5,2.601412E-05
715,2.586936E-05
715.5,2.572562E-05
716,2.558290E-05
716.5,2.544118E-05
717,2.530047E-05
717.5,2.516072E-05
718,2.502198E-05
718.5,2.488421E-05
719,2.474742E-05
719.5,2.461159E-05
720,2.447669E-05
720.5,2.434276E-05
721,2.420977E-05
721.5,2.407769E-05
722,2.394655E-05
722.5,2.381634E-05
723,2.368701E-05
723.5,2.355861E-05
724,2.343109E-05
724.5,2.330448E-05
725,2.317873E-05
725.5,2.305386E-05
726,2.292988E-05
726.5,2.280674E-05
727,2.268446E-05
727.5,2.256305E-05
728,2.244246E-05
728.5,2.232272E-05
729,2.220379E-05
729.5,2.208570E-05
730,2.196845E-05
730.5,2.185198E-05
731,2.173632E-05
731.5,2.162147E-05
732,2.150740E-05
732.5,2.139411E-05
733,2.128162E-05
733.5,2.116990E-05
734,2.105895E-05
734.5,2.094876E-05
735,2.083933E-05
735.5,2.073065E-05
736,2.062272E-05
736.5,2.051551E-05
737,2.040906E-05
737.5,2.030334E-05
738,2.019833E-05
738.5,2.009405E-05
739,1.999046E-05
739.5,1.988758E-05
740,1.978543E-05
740.5,1.968396E-05
741,1.958318E-05
741.5,1.948309E-05
742,1.938368E-05
742.5,1.928494E-05
743,1.918687E-05
743.5,1.908947E-05
744,1.899273E-05
744.5,1.889664E-05
745,1.880121E-05
745.5,1.870642E-05
746,1.861228E-05
746.5,1.851877E-05
747,1.842589E-05
747.5,1.833364E-05
748,1.824199E-05
748.5,1.815098E-05
749,1.806058E-05
749.5,1.797077E-05
750,1.788159E-05
750.5,1.779298E-05
751,1.770499E-05
751.5,1.761757E-05
752,1.753074E-05
752.5,1.744450E-05
753,1.735883E-05
753.5,1.727373E-05
754,1.718920E-05
754.5,1.710524E-05
755,1.702183E-05
755.5,1.693897E-05
756,1.685667E-05
756.5,1.677491E-05
757,1.669370E-05
757.5,1.661303E-05
758,1.653289E-05
758.5,1.645327E-05
759,1.637419E-05
759.5,1.629563E-05
760,1.621760E-05
760.5,1.614006E-05
761,1.606305E-05
761.5,1.598653E-05
762,1.591053E-05
762.5,1.583502E-05
763,1.576002E-05
763.5,1.568549E-05
764,1.561146E-05
764.5,1.553791E-05
765,1.546485E-05
765.5,1.539227E-05
766,1.532015E-05
766.5,1.524851E-05
767,1.517733E-05
767.5,1.510662E-05
768,1.503637E-05
768.5,1.496657E-05
769,1.489723E-05
769.5,1.482834E-05
770,1.475990E-05
770.5,1.469189E-05
771,1.462433E-05
771.5,1.455720E-05
772,1.449051E-05
772.5,1.442425E-05
773,1.435842E-05
773.5,1.429301E-05
774,1.422801E-05
774.5,1.416345E-05
775,1.409929E-05
775.5,1.403555E-05
776,1.397221E-05
776.5,1.390927E-05
777,1.384675E-05
777.5,1.378462E-05
778,1.372288E-05
778.5,1.366154E-05
779,1.360059E-05
779.5,1.354003E-05
780,1.347986E-05
780.5,1.342006E-05
781,1.336065E-05
781.5,1.330161E-05
782,1.324295E-05
782.5,1.318465E-05
783,1.312672E-05
783.5,1.306917E-05
784,1.301197E-05
784.5,1.295514E-05
785,1.289866E-05
785.5,1.284253E-05
786,1.278676E-05
786.5,1.273134E-05
787,1.267627E-05
787.5,1.262155E-05
788,1.256715E-05
788.5,1.251311E-05
789,1.245940E-05
789.5,1.240602E-05
790,1.235298E-05
790.5,1.230027E-05
791,1.224789E-05
791.5,1.219583E-05
792,1.214409E-05
792.5,1.209267E-05
793,1.204158E-05
793.5,1.199079E-05
794,1.194032E-05
794.5,1.189017E-05
795,1.184032E-05
795.5,1.179077E-05
796,1.174153E-05
796.5,1.169260E-05
797,1.164397E-05
797.5,1.159562E-05
798,1.154758E-05
798.5,1.149983E-05
799,1.145238E-05
799.5,1.140521E-05
800,1.135833E-05
800.5,1.131174E-05
801,1.126543E-05
801.5,1.121940E-05
802,1.117364E-05
802.5,1.112817E-05
803,1.108297E-05
803.5,1.103804E-05
804,1.099338E-05
804.5,1.094900E-05
805,1.090489E-05
805.5,1.086103E-05
806,1.081744E-05
806.5,1.077411E-05
807,1.073104E-05
807.5,1.068823E-05
808,1.064568E-05
808.5,1.060338E-05
809,1.056133E-05
809.5,1.051953E-05
810,1.047798E-05
810.5,1.043668E-05
811,1.039562E-05
811.5,1.035481E-05
812,1.031424E-05
812.5,1.027390E-05
813,1.023381E-05
813.5,1.019395E-05
814,1.015433E-05
814.5,1.011494E-05
815,1.007578E-05
815.5,1.003685E-05
816,9.998153E-06
816.5,9.959678E-06
817,9.921430E-06
817.5,9.883403E-06
818,9.845601E-06
818.5,9.808019E-06
819,9.770656E-06
819.5,9.733505E-06
820,9.696575E-06
820.5,9.659860E-06
821,9.623351E-06
821.5,9.587055E-06
822,9.550972E-06
822.5,9.515095E-06
823,9.479424E-06
823.5,9.443965E-06
824,9.408704E-06
824.5,9.373644E-06
825,9.338789E-06
825.5,9.304125E-06
826,9.269665E-06
826.5,9.235404E-06
827,9.201338E-06
827.5,9.167460E-06
828,9.133781E-06
828.5,9.100288E-06
829,9.066985E-06
829.5,9.033876E-06
830,9.000950E-06
830.5,8.968210E-06
831,8.935655E-06
831.5,8.903284E-06
832,8.871095E-06
832.5,8.839087E-06
833,8.807258E-06
833.5,8.775604E-06
834,8.744134E-06
834.5,8.712832E-06
835,8.681712E-06
835.5,8.650758E-06
836,8.619979E-06
836.5,8.589377E-06
837,8.558937E-06
837.5,8.528669E-06
838,8.498566E-06
838.5,8.468633E-06
839,8.438863E-06
839.5,8.409252E-06
840,8.379811E-06
840.5,8.350532E-06
841,8.321408E-06
841.5,8.292448E-06
842,8.263642E-06
842.5,8.234997E-06
843,8.206510E-06
843.5,8.178173E-06
844,8.149993E-06
844.5,8.121966E-06
845,8.094090E-06
845.5,8.066363E-06
846,8.038789E-06
846.5,8.011363E-06
847,7.984083E-06
847.5,7.956954E-06
848,7.929966E-06
848.5,7.903127E-06
849,7.876429E-06
849.5,7.849874E-06
850,7.823462E-06
850.5,7.797191E-06
851,7.771061E-06
851.5,7.745067E-06
852,7.719213E-06
852.5,7.693494E-06
853,7.667913E-06
853.5,7.642467E-06
854,7.617156E-06
854.5,7.591977E-06
855,7.566931E-06
855.5,7.542019E-06
856,7.517235E-06
856.5,7.492581E-06
857,7.468057E-06
857.5,7.443657E-06
858,7.419389E-06
858.5,7.395248E-06
859,7.371228E-06
859.5,7.347337E-06
860,7.323566E-06
860.5,7.299922E-06
861,7.276398E-06
861.5,7.252995E-06
862,7.229713E-06
862.5,7.206550E-06
863,7.183508E-06
863.5,7.160584E-06
864,7.137773E-06
864.5,7.115084E-06
865,7.092509E-06
865.5,7.070048E-06
866,7.047700E-06
866.5,7.025470E-06
867,7.003349E-06
867.5,6.981341E-06
868,6.959443E-06
868.5,6.937657E-06
869,6.915982E-06
869.5,6.894416E-06
870,6.872954E-06
870.5,6.851604E-06
871,6.830358E-06
871.5,6.809221E-06
872,6.788187E-06
872.5,6.767259E-06
873,6.746434E-06
873.5,6.725713E-06
874,6.705095E-06
874.5,6.684579E-06
875,6.664165E-06
875.5,6.643849E-06
876,6.623638E-06
876.5,6.603524E-06
877,6.583508E-06
877.5,6.563588E-06
878,6.543769E-06
878.5,6.524047E-06
879,6.504421E-06
879.5,6.484886E-06
880,6.465449E-06
880.5,6.446107E-06
881,6.426861E-06
881.5,6.407703E-06
882,6.388641E-06
882.5,6.369670E-06
883,6.350789E-06
883.5,6.332002E-06
884,6.313302E-06
884.5,6.294692E-06
885,6.276169E-06
885.5,6.257738E-06
886,6.239394E-06
886.5,6.221139E-06
887,6.202966E-06
887.5,6.184884E-06
888,6.166884E-06
888.5,6.148969E-06
889,6.131139E-06
889.5,6.113393E-06
890,6.095731E-06
890.5,6.078153E-06
891,6.060657E-06
891.5,6.043240E-06
892,6.025907E-06
892.5,6.008652E-06
893,5.991481E-06
893.5,5.974388E-06
894,5.957374E-06
894.5,5.940439E-06
895,5.923580E-06
895.5,5.906802E-06
896,5.890101E-06
896.5,5.873474E-06
897,5.856926E-06
897.5,5.840451E-06
898,5.824056E-06
898.5,5.807732E-06
899,5.791482E-06
899.5,5.775307E-06
900,5.759205E-06
900.5,5.743177E-06
901,5.727222E-06
901.5,5.711336E-06
902,5.695524E-06
902.5,5.679782E-06
903,5.664112E-06
903.5,5.648513E-06
904,5.632982E-06
904.5,5.617521E-06
905,5.602128E-06
905.5,5.586804E-06
906,5.571549E-06
906.5,5.556360E-06
907,5.541240E-06
907.5,5.526186E-06
908,5.511200E-06
908.5,5.496277E-06
909,5.481422E-06
909.5,5.466631E-06
910,5.451904E-06
910.5,5.437244E-06
911,5.422645E-06
911.5,5.408112E-06
912,5.393640E-06
912.5,5.379234E-06
913,5.364888E-06
913.5,5.350603E-06
914,5.336381E-06
914.5,5.322222E-06
915,5.308122E-06
915.5,5.294084E-06
916,5.280105E-06
916.5,5.266186E-06
917,5.252325E-06
917.5,5.238526E-06
918,5.224783E-06
918.5,5.211100E-06
919,5.197474E-06
919.5,5.183908E-06
920,5.170397E-06
920.5,5.156942E-06
921,5.143546E-06
921.5,5.130205E-06
922,5.116922E-06
922.5,5.103693E-06
923,5.090520E-06
923.5,5.077401E-06
924,5.064336E-06
924.5,5.051327E-06
925,5.038372E-06
925.5,5.025468E-06
926,5.012620E-06
926.5,4.999824E-06
927,4.987081E-06
927.5,4.974389E-06
928,4.961750E-06
928.5,4.949164E-06
929,4.936629E-06
929.5,4.924145E-06
930,4.911711E-06
930.5,4.899329E-06
931,4.886995E-06
931.5,4.874711E-06
932,4.862479E-06
932.5,4.850295E-06
933,4.838162E-06
933.5,4.826074E-06
934,4.814037E-06
934.5,4.802048E-06
935,4.790106E-06
935.5,4.778213E-06
936,4.766367E-06
936.5,4.754567E-06
937,4.742815E-06
937.5,4.731111E-06
938,4.719449E-06
938.5,4.707837E-06
939,4.696269E-06
939.5,4.684747E-06
940,4.673269E-06
940.5,4.661839E-06
941,4.650451E-06
941.5,4.639108E-06
942,4.627807E-06
942.5,4.616554E-06
943,4.605343E-06
943.5,4.594174E-06
944,4.583051E-06
944.5,4.571969E-06
945,4.560929E-06
945.5,4.549933E-06
946,4.538980E-06
946.5,4.528067E-06
947,4.517195E-06
947.5,4.506366E-06
948,4.495580E-06
948.5,4.484832E-06
949,4.474127E-06
949.5,4.463460E-06
950,4.452836E-06
950.5,4.442252E-06
951,4.431706E-06
951.5,4.421199E-06
952,4.410735E-06
952.5,4.400307E-06
953,4.389919E-06
953.5,4.379571E-06
954,4.369260E-06
954.5,4.358987E-06
955,4.348753E-06
955.5,4.338557E-06
956,4.328398E-06
956.5,4.318278E-06
957,4.308194E-06
957.5,4.298148E-06
958,4.288138E-06
958.5,4.278164E-06
959,4.268227E-06
959.5,4.258328E-06
960,4.248463E-06
960.5,4.238636E-06
961,4.228842E-06
961.5,4.219085E-06
962,4.209363E-06
962.5,4.199675E-06
963,4.190024E-06
963.5,4.180408E-06
964,4.170824E-06
964.5,4.161277E-06
965,4.151762E-06
965.5,4.142282E-06
966,4.132836E-06
966.5,4.123423E-06
967,4.114044E-06
967.5,4.104698E-06
968,4.095384E-06
968.5,4.086103E-06
969,4.076856E-06
969.5,4.067642E-06
970,4.058459E-06
970.5,4.049307E-06
971,4.040189E-06
971.5,4.031104E-06
972,4.022049E-06
972.5,4.013025E-06
973,4.004033E-06
973.5,3.995072E-06
974,3.986141E-06
974.5,3.977242E-06
975,3.968375E-06
975.5,3.959537E-06
976,3.950729E-06
976.5,3.941951E-06
977,3.933204E-06
977.5,3.924487E-06
978,3.915799E-06
978.5,3.907141E-06
979,3.898512E-06
979.5,3.889912E-06
980,3.881343E-06
980.5,3.872801E-06
981,3.864288E-06
981.5,3.855804E-06
982,3.847349E-06
982.5,3.838921E-06
983,3.830524E-06
983.5,3.822153E-06
984,3.813810E-06
984.5,3.805494E-06
985,3.797208E-06
985.5,3.788948E-06
986,3.780715E-06
986.5,3.772509E-06
987,3.764331E-06
987.5,3.756181E-06
988,3.748056E-06
988.5,3.739958E-06
989,3.731887E-06
989.5,3.723842E-06
990,3.715823E-06
990.5,3.707831E-06
991,3.699865E-06
991.5,3.691924E-06
992,3.684008E-06
992.5,3.676120E-06
993,3.668257E-06
993.5,3.660419E-06
994,3.652604E-06
994.5,3.644816E-06
995,3.637054E-06
995.5,3.629316E-06
996,3.621602E-06
996.5,3.613913E-06
997,3.606249E-06
997.5,3.598608E-06
998,3.590993E-06
998.5,3.583402E-06
999,3.575834E-06
999.5,3.568290E-06
1000,3.560771E-06
